Indiv_ID,Treat_ID,A_Mass
C02,C,0.21207
C09,C,0.20901
C10,C,0.2119
C11,C,0.24615
C14,C,0.2204
NC09,NC,0.23208
NC11,NC,0.30509
NC12,NC,0.29503
NC13,NC,0.21596
NC15,NC,0.28277
